,channelTitle,2020-08-11 00:00:00,2020-08-12 00:00:00,2020-08-13 00:00:00,2020-08-14 00:00:00,2020-08-15 00:00:00,2020-08-16 00:00:00,2020-08-17 00:00:00,2020-08-18 00:00:00,2020-08-19 00:00:00,2020-08-20 00:00:00,2020-08-21 00:00:00,2020-08-22 00:00:00,2020-08-23 00:00:00,2020-08-24 00:00:00,2020-08-25 00:00:00,2020-08-26 00:00:00,2020-08-27 00:00:00,2020-08-28 00:00:00,2020-08-29 00:00:00,2020-08-30 00:00:00,2020-08-31 00:00:00,2020-09-01 00:00:00,2020-09-02 00:00:00,2020-09-03 00:00:00,2020-09-04 00:00:00,2020-09-05 00:00:00,2020-09-06 00:00:00,2020-09-07 00:00:00,2020-09-08 00:00:00,2020-09-09 00:00:00,2020-09-10 00:00:00,2020-09-11 00:00:00,2020-09-12 00:00:00,2020-09-13 00:00:00,2020-09-14 00:00:00,2020-09-15 00:00:00,2020-09-16 00:00:00,2020-09-17 00:00:00,2020-09-18 00:00:00,2020-09-19 00:00:00,2020-09-20 00:00:00,2020-09-21 00:00:00,2020-09-22 00:00:00,2020-09-23 00:00:00,2020-09-24 00:00:00,2020-09-25 00:00:00,2020-09-26 00:00:00,2020-09-27 00:00:00,2020-09-28 00:00:00,2020-09-29 00:00:00,2020-09-30 00:00:00,2020-10-01 00:00:00,2020-10-02 00:00:00,2020-10-03 00:00:00,2020-10-04 00:00:00,2020-10-05 00:00:00,2020-10-06 00:00:00,2020-10-07 00:00:00,2020-10-08 00:00:00,2020-10-09 00:00:00,2020-10-10 00:00:00,2020-10-11 00:00:00,2020-10-12 00:00:00,2020-10-13 00:00:00,2020-10-14 00:00:00,2020-10-15 00:00:00,channel_average,channel_std,trues
0,Mystic,65,57,63,54,64,70,37,59,77,52,55,66,77,70,57,69,100,89,79,76,56,57,76,68,64,66,69,88,57,58,77,77,81,58,83,75,74,65,62,79,81,58,57,71,64,61,49,56,69,54,73,72,65,67,68,53,64,62,68,63,83,55,56,72,71,51,66.5,10.927100033930099,5
1,SuperSaf,0,0,81,0,0,0,0,0,0,0,0,0,0,0,0,0,0,100,82,0,0,85,0,0,0,0,83,0,0,0,0,0,0,0,87,0,0,0,0,0,0,0,0,0,0,0,0,0,84,0,0,0,0,82,0,0,0,0,0,0,0,0,0,0,0,87,11.681818181818182,29.4675780183912,9
2,euphoria,79,91,83,77,79,79,100,82,81,76,61,55,69,95,85,76,84,76,72,56,91,86,54,56,79,68,58,59,67,53,56,51,53,46,46,65,61,51,72,49,76,92,85,54,81,60,57,62,76,68,58,66,56,51,55,66,49,67,67,42,58,45,44,51,45,52,66.06060606060606,14.492295537136993,5
3,Ar'mon And Trey,47,94,73,71,31,46,43,63,96,81,26,36,77,80,92,92,91,71,85,42,100,71,71,77,71,53,86,64,51,63,73,50,52,62,50,57,39,28,61,63,43,56,51,67,49,60,75,85,66,67,77,62,38,53,74,90,51,50,88,49,73,68,87,45,61,95,64.53030303030303,18.152735578944615,6
4,Kurtis Conner,62,47,53,31,38,42,45,45,41,31,38,42,48,54,81,100,26,32,43,37,47,38,45,51,46,65,46,52,67,39,41,54,70,49,41,44,29,27,39,38,28,27,55,43,37,29,90,69,50,50,38,28,54,43,36,28,39,38,20,33,58,36,24,39,30,25,44.10606060606061,15.07770658940964,6
5,Simon and Martina,27,53,40,0,0,26,95,41,27,82,0,0,27,0,55,29,33,67,27,27,43,28,28,0,82,0,28,27,29,29,29,28,27,27,28,0,28,28,29,27,0,0,0,56,55,0,0,27,29,29,0,29,28,27,0,58,0,28,0,0,0,0,56,0,43,100,26.757575757575758,24.2306221271453,5
6,SPORTSNET,51,38,100,49,50,0,51,38,25,0,25,25,25,39,52,41,31,0,25,0,53,53,52,0,0,78,26,77,27,55,0,53,25,63,0,41,27,53,27,0,39,0,27,27,26,26,51,51,27,40,0,41,27,0,0,0,28,26,0,52,25,0,26,0,0,27,29.40909090909091,22.857249544713625,3
7,That's Amazing,26,52,64,100,25,0,0,52,0,27,25,51,0,0,26,0,32,32,0,26,0,0,27,0,53,39,40,53,42,28,0,0,51,51,0,42,27,41,0,0,0,28,84,28,27,27,39,26,27,27,27,0,0,0,52,28,28,54,0,53,0,0,26,28,0,0,24.863636363636363,22.920737179189185,3
8,LaLiga Santander,0,0,0,0,0,0,0,0,0,0,94,0,0,0,0,0,0,0,0,0,0,0,0,0,0,95,0,0,0,0,0,0,0,0,0,0,0,0,0,94,95,0,0,0,0,0,0,0,0,100,97,0,99,0,0,0,0,0,0,0,0,0,0,0,0,0,10.212121212121213,29.65688389172277,7
9,C-SPAN,10,0,0,0,0,0,10,10,20,10,20,20,0,42,36,72,37,44,15,20,0,0,21,16,10,10,0,10,0,0,0,0,0,0,0,0,11,21,0,0,21,11,0,11,10,0,0,0,0,54,100,22,0,10,10,11,0,16,53,10,10,0,26,0,0,32,13.212121212121213,18.781450513185796,6
10,Paul's Hardware,0,0,0,0,0,0,0,0,0,0,47,47,0,0,0,0,0,0,0,0,0,50,0,0,0,0,0,0,0,0,0,50,0,0,50,0,50,0,50,0,0,0,0,0,0,0,48,47,0,100,0,0,50,0,0,0,0,0,49,0,0,0,0,0,0,0,9.666666666666666,21.37850331619134,12
11,Popcorned Planet,0,47,46,0,0,0,0,47,47,0,0,0,0,0,0,0,58,0,0,0,0,0,0,49,0,0,0,0,0,0,0,0,0,0,0,0,0,0,0,47,0,0,0,0,0,49,0,0,0,0,0,0,0,0,46,0,51,0,0,48,47,46,48,0,0,100,11.757575757575758,22.577852251816754,15
12,Morgan Adams,49,0,14,27,14,21,36,14,14,36,28,35,28,43,29,38,52,43,14,42,45,30,29,15,65,100,65,36,15,38,30,15,28,28,37,23,44,15,30,21,14,30,15,53,22,15,14,42,22,15,22,23,30,42,14,15,0,22,0,0,69,42,22,30,15,22,28.727272727272727,17.462987226274137,4
13,Chris Stuckmann,36,36,48,31,36,20,41,36,37,37,28,59,44,41,45,39,35,100,53,41,51,42,25,42,62,29,37,37,52,35,30,42,56,32,13,30,34,34,30,40,29,22,65,19,29,21,24,28,34,39,13,22,30,36,36,30,65,42,21,21,60,24,37,22,26,34,36.74242424242424,14.103847106869734,6
14,LMG Clips,0,0,0,0,0,0,0,0,0,0,0,0,0,0,96,0,0,0,0,0,0,0,0,0,96,0,0,0,0,100,0,0,0,0,0,0,0,0,0,0,0,0,0,0,0,0,0,0,0,0,0,0,0,0,0,0,0,0,0,0,0,0,0,0,0,0,4.424242424242424,20.278411125120535,3
15,Real Engineering,32,62,0,0,0,0,0,0,32,0,31,0,31,32,0,0,39,39,32,32,0,100,0,33,0,0,0,0,34,0,0,66,0,0,50,0,66,33,33,0,32,34,34,34,33,33,31,0,33,34,33,34,0,32,0,34,0,0,0,32,95,63,32,67,0,34,23.196969696969695,24.319975389347654,7
16,Jimmy Kimmel Live,25,25,37,37,25,25,26,76,25,26,38,24,25,51,0,27,31,62,25,42,27,39,26,53,52,26,26,38,27,41,27,53,25,25,27,27,27,27,27,25,0,36,100,67,52,26,51,25,27,40,26,41,26,51,50,41,36,79,44,39,25,25,43,27,40,36,35.60606060606061,16.256354270811926,5
17,EverythingApplePro,16,16,23,76,15,15,16,16,48,24,15,15,31,48,48,43,19,19,32,32,25,33,16,66,49,40,48,16,43,34,33,0,39,31,25,93,41,74,33,39,64,42,26,34,57,90,47,16,16,17,0,34,16,16,31,17,34,41,25,24,39,15,16,84,100,84,35.303030303030305,22.247212761731486,7
18,lil loaded music,0,73,48,0,0,48,0,49,0,0,48,0,0,0,99,0,0,0,0,0,0,0,0,0,0,0,0,50,52,0,0,0,49,0,0,0,0,0,0,49,0,0,53,52,50,51,0,0,0,52,0,0,0,0,49,0,0,51,0,100,49,0,50,52,52,52,19.363636363636363,27.80758364167913,3
19,Tae AND Lou,95,39,48,38,53,28,54,49,34,82,58,43,43,35,35,58,36,36,78,44,56,35,61,46,37,59,37,29,31,63,47,46,24,43,39,37,39,31,36,53,49,70,100,83,55,55,39,34,56,31,25,57,30,44,80,47,42,46,41,40,44,48,30,54,57,31,47.31818181818182,16.036094789198344,6
20,JayzTwoCents,47,23,54,45,23,15,24,31,55,16,31,31,38,40,48,17,29,58,47,39,49,49,49,57,40,79,32,16,34,25,42,49,70,62,58,100,74,66,17,39,32,67,51,74,96,72,78,31,41,83,33,67,33,39,23,42,84,97,41,81,31,62,80,58,58,74,49.18181818181818,21.522299282167427,5
21,Apple,20,21,28,44,30,26,24,24,27,23,25,25,38,39,26,26,24,27,26,25,24,27,26,20,21,22,21,22,24,21,24,25,23,25,30,78,47,35,36,33,34,31,31,28,30,31,28,28,32,27,27,27,25,23,24,28,26,26,25,26,23,22,28,100,54,33,29.53030303030303,12.335241085420478,3
22,JablinskiGames,0,0,0,0,0,0,0,0,0,0,0,0,0,0,0,0,0,0,0,0,0,0,0,0,0,0,0,0,0,0,0,0,0,0,0,0,0,0,0,0,0,0,0,0,0,0,0,0,0,0,0,0,0,0,0,100,0,0,0,0,0,0,0,100,0,0,3.0303030303030303,17.141982574219334,2
23,KAROL G,57,56,60,94,100,89,79,71,89,84,83,86,82,77,70,79,72,92,80,74,64,67,56,62,68,77,63,72,75,53,58,64,65,68,49,65,56,65,55,64,66,53,56,63,56,54,61,56,50,55,56,61,48,55,44,57,42,36,46,51,53,46,44,44,41,50,63.39393939393939,14.20401009092128,6
24,Yawi Vlogs,25,25,18,15,16,13,20,14,27,14,22,13,13,18,21,15,25,17,11,11,17,19,16,12,28,50,55,48,78,100,77,76,83,74,79,67,60,57,43,75,73,48,49,50,58,63,52,64,48,67,61,36,57,43,25,65,71,57,35,75,41,33,47,79,46,48,43.303030303030305,23.6860588692306,4
25,Tottenham Hotspur,0,0,0,31,63,31,0,0,0,0,31,0,31,0,0,0,39,0,32,0,0,0,0,0,33,32,0,0,0,0,34,0,32,32,34,35,0,67,85,64,65,68,0,0,33,33,0,64,34,0,100,68,34,80,32,69,0,34,33,0,48,0,33,0,34,34,24.272727272727273,26.73525957762886,8
26,carwow,41,33,40,24,48,16,49,41,49,17,49,40,16,50,59,44,40,21,58,33,61,26,34,60,100,25,34,41,71,62,35,78,49,16,70,53,35,52,61,41,50,44,71,35,85,68,41,16,26,52,17,71,26,33,33,79,0,43,51,51,41,41,68,52,17,43,44.333333333333336,19.031340446535005,4
27,Paris Hilton,2,2,1,2,1,4,2,7,7,6,3,2,4,3,4,4,2,3,3,3,2,3,4,5,4,4,3,5,4,4,7,5,6,6,50,100,97,66,64,61,67,34,46,39,39,34,33,37,30,19,21,25,19,20,18,21,19,16,13,18,11,12,12,9,10,6,18.075757575757574,22.391361027604,6
28,SUBWAY Restaurants,0,0,0,0,0,0,0,0,0,0,0,0,0,0,83,0,0,100,0,0,0,0,0,0,0,0,0,0,0,0,0,0,80,0,0,0,0,0,0,0,0,0,0,0,0,0,0,0,0,0,0,0,0,0,0,0,0,0,0,0,0,0,0,0,0,85,5.2727272727272725,20.84542348912037,4
29,Brooklyn and Bailey,44,53,58,63,47,55,66,54,67,59,64,51,35,69,33,59,43,44,55,42,45,43,56,41,30,27,23,29,24,35,43,25,24,25,28,26,90,100,39,31,22,22,23,45,39,32,22,26,24,29,27,33,23,21,22,17,17,32,27,25,28,22,20,27,36,31,38.43939393939394,17.230284110883993,5
30,Ryan Shaw,0,0,0,0,0,100,0,0,0,0,0,0,0,0,0,0,0,64,0,0,0,54,0,0,0,0,0,0,55,0,0,0,0,0,0,0,0,0,0,0,0,0,0,0,0,0,77,0,0,0,0,0,0,0,51,0,0,0,0,53,0,0,0,0,0,0,6.878787878787879,20.690002820506827,7
31,Mark Rober,85,85,99,80,75,68,62,54,53,48,43,45,43,41,42,29,36,30,38,31,33,37,37,28,26,31,28,35,34,29,26,31,33,26,29,28,31,29,33,39,77,100,68,81,89,79,87,88,63,61,63,50,50,52,59,50,42,35,37,45,59,96,76,71,46,47,51.22727272727273,21.33129402270747,8
32,ZONEofTECH,0,0,0,0,0,0,0,0,0,0,0,89,0,0,0,0,0,0,0,0,0,0,0,0,0,0,0,0,0,0,0,98,0,0,0,100,0,0,0,91,0,0,0,0,0,0,0,0,0,0,0,0,0,0,0,0,100,0,0,0,0,0,0,0,0,0,7.242424242424242,25.32938203200087,5
33,TheOdd2sOut,37,25,49,24,24,48,25,25,25,25,49,0,24,0,64,54,46,62,100,25,39,0,39,26,0,25,26,25,40,67,53,52,49,37,26,26,26,0,92,25,0,27,27,26,26,26,50,50,0,0,78,80,52,0,37,80,54,26,26,0,25,37,77,0,27,26,34.25757575757576,23.561853226271953,6
34,Sky Sports Boxing,0,0,0,0,0,92,96,0,0,0,0,93,93,0,96,0,0,0,0,0,0,0,0,0,0,0,0,0,0,0,0,0,0,0,100,0,0,0,0,0,0,0,0,0,0,0,0,0,0,0,0,0,0,0,0,0,0,0,0,0,0,93,0,0,0,0,10.045454545454545,29.17628334181503,7
35,CNN,32,34,29,25,25,26,29,32,32,26,28,23,23,31,33,38,36,34,28,24,28,31,26,30,31,25,25,24,27,30,31,36,25,24,32,27,28,28,41,26,23,28,30,28,36,27,25,21,35,34,100,37,61,55,44,53,46,43,63,40,32,27,35,39,42,37,33.39393939393939,11.951770235153564,5
36,KGW News,0,14,29,14,29,14,15,22,22,30,0,14,29,15,0,16,0,0,15,29,39,0,45,30,0,15,0,15,31,71,86,100,72,51,46,39,46,15,23,15,15,16,24,0,23,23,15,15,0,15,15,16,38,15,15,0,16,30,0,15,15,0,0,15,16,0,21.181818181818183,20.374456000106495,4
37,NellyVidz,35,69,68,67,34,56,35,69,69,59,22,45,68,47,23,25,28,57,35,23,49,47,72,36,47,35,71,23,50,25,62,36,23,23,73,0,60,36,36,23,82,49,100,25,47,72,23,0,36,73,48,62,72,0,46,74,49,48,84,24,46,68,47,37,49,24,46.15151515151515,21.19336833400202,3
38,NBA on TNT,25,30,25,63,29,39,15,20,96,36,59,49,49,61,97,92,86,43,25,30,37,62,52,42,62,61,36,45,76,48,64,47,45,40,37,16,100,47,32,70,61,86,41,53,36,52,40,50,21,24,23,16,16,23,15,32,16,0,16,31,22,15,15,16,16,16,41.515151515151516,23.21392112651269,6
39,arcsystemworks,0,0,0,0,0,0,0,0,0,0,0,0,0,0,0,0,0,0,0,0,0,0,0,100,0,0,0,0,0,0,0,0,0,0,0,0,0,0,0,0,0,0,0,0,0,0,0,0,0,0,0,0,0,0,0,0,0,0,0,0,0,0,0,0,0,0,1.5151515151515151,12.21554204287659,1
40,tribbleofdoom,41,0,40,0,0,0,0,0,0,0,0,0,0,0,42,44,100,0,0,41,0,0,0,0,41,0,0,0,0,0,0,43,0,0,0,0,0,0,0,41,42,0,0,0,42,0,0,41,0,0,0,0,43,0,40,0,0,0,0,0,0,0,0,43,0,0,10.363636363636363,20.33480101283032,13
41,Roblox,96,100,94,93,90,93,97,95,95,84,90,96,89,89,92,91,75,73,89,91,90,87,90,84,93,87,92,93,87,84,79,79,91,91,79,80,75,79,77,88,86,77,75,79,79,77,89,83,79,78,80,76,74,83,85,77,76,77,75,78,86,82,83,71,77,72,84.4090909090909,7.3381057598845425,4
42,YongYea,42,36,54,40,31,46,16,42,37,32,56,46,66,55,48,51,64,58,26,47,33,43,49,49,32,42,37,42,56,28,44,87,57,31,39,56,76,71,83,36,40,100,73,72,48,38,39,26,55,55,49,56,49,47,52,34,45,27,65,32,70,36,32,28,44,88,48.24242424242424,16.561236784129935,5
43,David Blaine,1,1,3,2,2,2,2,5,18,17,12,12,13,8,7,8,7,7,6,8,12,20,100,66,24,24,12,12,6,8,6,5,5,5,5,4,2,5,5,4,4,3,2,3,2,4,3,3,2,3,2,2,2,2,1,2,2,2,3,2,4,3,2,2,2,2,8.106060606060606,14.561394359514358,2
44,Desmond Dennis,45,80,61,78,68,62,42,56,62,77,69,63,63,88,82,70,79,69,98,93,100,78,64,64,69,74,77,82,87,81,63,50,80,63,77,87,76,56,50,56,82,63,87,68,95,72,50,53,79,62,32,69,67,50,47,51,84,73,58,60,72,49,49,42,41,38,67.15151515151516,15.351677851486823,4
45,the Hacksmith,35,10,48,42,16,16,20,19,10,10,22,19,16,0,20,11,0,20,19,26,20,30,23,20,23,36,16,39,10,24,26,24,38,29,21,48,34,34,44,48,36,31,63,27,45,73,48,45,34,41,40,17,44,52,48,42,17,24,47,100,84,70,73,59,82,51,34.22727272727273,20.294644355880703,6
46,The Howard Stern Show,95,0,0,0,62,0,0,32,0,0,0,0,0,0,32,0,0,0,0,0,0,0,0,0,32,0,0,0,34,0,0,0,0,0,0,0,0,0,0,0,0,0,34,0,0,0,31,0,0,100,33,0,33,0,0,34,0,0,0,32,31,0,0,0,0,0,9.318181818181818,20.890159413718663,3
47,NPR,17,27,27,29,34,17,32,37,35,28,32,32,22,25,33,32,33,15,37,27,31,23,36,21,43,40,25,20,24,21,29,39,32,32,21,24,31,44,26,30,30,100,40,31,33,38,42,42,26,24,62,40,28,22,54,18,29,21,43,46,27,34,31,24,34,26,31.939393939393938,12.081639949738397,3
48,Steezy Kane,36,20,10,20,20,35,21,41,72,63,45,30,45,52,47,72,44,57,67,62,59,95,69,59,100,67,36,67,66,17,49,75,46,55,81,55,70,21,48,96,72,49,39,27,53,37,31,56,54,43,42,22,37,36,41,49,38,43,69,21,25,45,52,33,32,22,47.84848484848485,19.906023471090066,4
49,NBA on ESPN,47,47,0,45,46,0,47,47,47,96,47,46,0,47,48,51,58,58,0,47,0,49,48,0,96,47,0,0,51,50,0,0,92,0,0,50,49,50,50,47,48,100,51,0,48,0,48,0,0,0,0,50,0,47,0,0,0,49,0,48,0,0,48,50,50,0,32.42424242424242,28.451479487579192,4
50,Brad Sams,0,0,0,0,81,0,82,0,0,0,0,80,0,0,0,0,100,0,0,0,0,0,0,0,0,0,0,0,0,0,0,87,0,0,87,0,0,0,0,0,0,0,0,0,0,0,0,0,0,0,0,0,86,0,0,0,0,0,0,85,0,0,0,0,0,0,10.424242424242424,28.14252718835484,8
51,BioWare,0,0,0,0,0,0,0,0,97,0,0,0,0,0,0,0,0,0,97,0,0,0,100,0,0,0,0,0,0,0,0,0,0,0,0,0,0,0,0,0,0,0,0,0,0,0,96,0,0,0,0,0,0,0,0,0,0,0,0,0,0,0,0,0,0,0,5.909090909090909,23.267044760794754,4
52,wavywebsurf,0,0,0,45,45,0,0,47,0,0,69,0,46,94,0,0,0,0,47,0,0,49,97,0,0,0,47,47,0,0,0,96,0,46,0,100,49,49,98,0,0,0,0,0,0,0,0,0,0,0,0,0,0,0,0,0,0,49,48,0,0,46,0,50,0,0,19.151515151515152,30.466197077597037,6
53,Deftones,30,30,23,37,30,31,22,24,35,28,100,74,59,63,57,35,45,43,34,30,34,40,29,27,37,37,33,43,35,39,25,43,32,38,29,21,36,54,95,75,59,37,51,45,51,97,86,65,54,52,56,41,47,71,47,37,39,38,44,33,45,36,44,23,27,27,43.696969696969695,17.996607169273386,7
54,Lizzy Capri,78,71,71,84,70,69,88,96,72,66,80,92,89,69,88,47,48,46,50,75,80,100,65,74,85,95,68,85,70,73,57,59,69,42,48,55,60,60,41,53,54,46,64,48,60,57,42,62,67,51,57,76,34,47,42,59,59,52,69,52,45,67,68,76,69,70,64.86363636363636,15.219491453731063,7
55,Simon's Cat,0,0,0,0,53,0,0,54,54,0,53,0,0,0,55,0,99,100,0,0,57,0,56,56,0,0,55,0,58,0,0,57,54,0,57,57,56,0,0,0,54,58,58,0,0,0,80,0,0,0,0,0,56,0,0,0,0,0,56,0,0,0,55,0,0,0,21.939393939393938,30.039811355921618,3
56,COLORS,83,84,81,78,74,70,76,85,82,76,74,84,69,85,85,85,66,84,78,76,79,78,76,94,78,82,79,80,89,100,87,82,76,80,79,87,85,80,83,70,74,92,99,80,82,85,76,74,84,77,85,90,85,71,75,86,90,93,87,74,77,78,81,87,73,92,81.3030303030303,6.857797369174558,6
57,BT Sport,0,16,0,16,21,16,0,16,0,16,26,16,100,0,0,35,20,0,0,16,0,17,0,0,0,0,0,0,0,0,17,0,16,16,0,17,0,17,17,0,0,17,0,0,0,0,16,0,17,0,17,17,0,16,0,0,17,0,0,0,0,0,16,0,0,0,8.545454545454545,14.50410790105719,2
58,Felix Colgrave,0,0,0,0,0,0,0,0,0,0,0,91,0,0,0,0,0,0,0,93,0,97,96,0,0,94,0,93,99,0,99,0,0,0,0,100,0,0,0,0,0,99,0,0,0,96,0,93,98,0,0,0,0,0,0,0,0,0,0,0,0,92,0,0,0,98,21.78787878787879,40.19818899565952,15
59,Alexandra Cooper,32,7,22,100,65,26,10,10,19,0,11,7,12,15,20,67,42,18,17,17,16,15,26,15,71,11,13,45,21,16,11,15,7,11,12,8,8,15,8,0,0,12,8,8,8,11,7,10,8,8,8,8,16,7,7,8,8,19,8,8,7,0,8,0,24,8,16.439393939393938,17.569885382664374,5
60,FORMULA 1,29,27,14,38,43,52,37,25,20,15,22,24,24,20,35,21,12,24,57,59,31,18,18,31,18,40,100,62,26,29,21,49,48,63,36,26,21,34,26,29,32,16,5,21,43,15,34,42,34,21,23,13,28,17,19,29,26,26,13,28,42,63,46,21,8,18,30.40909090909091,15.979131535477741,6
61,NFL Films,23,47,46,23,23,57,24,32,87,48,54,0,46,36,72,26,29,0,59,47,25,25,41,41,24,32,24,40,42,42,38,33,23,47,63,34,41,50,33,31,32,42,34,63,24,24,31,35,50,33,49,25,50,47,24,25,42,41,0,24,47,31,48,38,100,42,38.015151515151516,16.964751714499652,3
62,AfinArte Music,94,0,0,0,0,93,0,0,0,97,0,0,0,96,97,0,0,0,0,0,100,0,0,0,0,0,0,96,0,0,0,0,0,0,0,0,0,0,0,94,0,0,0,0,0,0,0,96,0,0,0,0,99,0,0,0,0,0,0,0,95,0,0,0,0,0,16.015151515151516,35.820466650193836,11
63,Quando Rondo,28,29,33,27,37,33,33,28,33,34,35,35,30,26,27,97,100,73,54,59,47,61,53,51,47,47,34,39,40,41,33,36,39,40,36,39,41,30,38,33,37,48,34,32,32,44,31,30,32,32,33,28,36,29,33,30,32,28,33,34,27,20,25,29,32,41,38.15151515151515,14.07258502264127,4
64,Elvis The Alien,67,22,44,44,100,65,34,23,45,23,56,22,44,69,69,37,28,28,23,45,24,24,47,59,58,57,35,90,61,24,24,24,44,56,24,60,36,48,24,34,57,60,24,71,35,46,34,57,83,48,94,61,47,34,45,97,85,59,35,0,23,33,47,48,36,24,45.81818181818182,20.89940487111875,6
65,Natti Natasha,41,64,62,100,91,82,61,58,52,77,79,99,93,64,66,59,50,66,71,87,61,47,56,56,51,63,86,70,65,30,51,66,81,70,66,42,43,70,41,58,68,55,42,46,42,69,60,61,56,57,49,39,68,67,71,37,56,54,58,66,88,74,40,53,30,48,61.34848484848485,15.748489513179988,7
66,MTV News,67,40,26,52,26,26,0,27,27,55,26,52,0,0,0,0,33,100,27,27,0,28,27,28,27,27,27,40,85,0,29,28,0,53,28,29,28,28,28,27,27,0,29,57,27,28,0,27,0,28,0,0,28,54,0,0,0,0,0,42,0,0,0,28,0,28,23.954545454545453,21.562054083703156,4
67,FaZe Jarvis,39,36,33,33,35,34,45,39,35,35,24,35,28,28,27,32,27,28,24,32,26,29,42,32,23,26,20,34,17,22,20,28,62,64,100,70,40,32,34,27,33,40,34,37,41,37,39,32,40,31,38,28,30,34,38,33,27,33,21,28,34,22,33,22,25,23,33.78787878787879,12.449309523892131,4
68,SiriusXM,41,80,53,39,40,0,0,41,0,83,0,39,80,42,0,44,100,50,0,82,0,42,42,0,42,41,0,0,0,87,0,0,40,40,43,66,64,43,43,40,0,0,43,43,41,42,82,81,43,44,42,87,43,0,40,44,0,0,0,42,40,60,42,0,43,0,35.59090909090909,28.249954289438627,9
69,The Kelly Clarkson Show,0,24,24,24,25,24,50,0,50,38,0,0,0,0,26,27,31,31,50,0,0,26,26,0,25,0,0,0,0,0,27,0,0,0,0,0,0,26,26,0,25,27,0,40,51,26,37,50,0,40,26,0,26,25,50,40,0,26,39,0,100,0,0,0,40,26,19.303030303030305,20.19448596881179,7
70,colinfurze,72,39,63,100,47,62,24,48,56,73,59,39,31,49,32,60,49,30,36,48,88,50,58,25,73,36,49,48,43,26,34,50,47,63,51,25,88,25,63,48,32,68,34,38,62,61,40,48,59,26,50,26,50,60,55,60,26,33,62,62,32,82,62,25,51,59,49.54545454545455,17.08462166747222,4
71,Chris Smoove,30,24,27,35,34,20,25,28,39,32,27,23,27,42,33,29,20,20,21,25,21,28,27,52,100,93,66,59,54,46,43,38,35,33,32,29,32,32,34,22,30,28,31,23,17,20,26,25,24,20,16,27,21,18,14,25,19,24,18,20,27,20,28,18,12,15,30.348484848484848,15.576295533688388,5
72,mrandrewcotter,0,0,94,91,0,0,0,0,0,0,0,0,0,0,0,0,0,0,0,0,0,0,0,100,0,0,0,0,0,0,0,0,0,0,0,0,0,0,0,0,0,0,0,0,0,0,0,0,0,100,0,0,0,95,0,0,0,0,0,0,0,0,0,0,0,0,7.2727272727272725,25.421027716001984,5
73,Lindsey Stirling,29,62,57,42,33,65,58,82,53,74,52,75,61,44,54,47,71,35,53,24,40,80,70,25,54,49,44,82,41,67,51,60,71,42,46,31,45,70,91,100,29,67,78,51,79,84,53,82,70,71,25,57,95,62,38,36,41,35,55,44,38,52,44,77,46,25,55.515151515151516,18.50081277841305,4
74,Looper,49,21,31,30,76,61,78,21,43,36,62,41,34,78,100,61,60,52,42,28,81,51,95,59,65,28,75,53,68,45,34,66,69,42,45,23,44,66,59,49,50,45,57,22,65,43,35,28,44,45,44,56,59,53,63,38,45,51,29,65,32,28,36,45,45,33,49.65151515151515,17.42385375060574,6
75,C&C Life,25,25,100,49,33,49,63,51,51,52,50,24,37,51,26,28,31,31,25,25,53,52,0,0,26,0,26,25,55,0,36,81,25,41,81,27,26,40,40,33,0,27,41,40,0,39,0,26,40,45,0,27,26,38,25,54,54,0,53,52,50,0,26,54,80,27,35.10606060606061,21.376232048758908,4
76,Demi Lovato - Topic,23,19,18,21,20,19,22,22,27,25,18,27,19,31,25,27,27,22,19,23,22,18,25,25,25,26,17,17,26,26,34,33,25,28,26,27,26,24,25,21,24,28,30,25,29,32,26,25,21,25,47,38,40,40,23,23,27,23,23,31,27,19,24,26,50,100,26.90909090909091,11.053214632811953,3
77,The Daily Show with Trevor Noah,48,32,32,31,0,0,32,32,32,33,31,0,0,0,33,58,39,40,0,32,34,100,34,0,33,33,33,0,35,34,34,34,32,0,34,34,34,34,0,32,33,0,0,0,66,0,63,32,34,0,33,46,67,0,0,0,69,34,33,33,64,32,65,34,34,34,29.015151515151516,21.53537781661413,7
78,Polygon,40,40,40,39,20,20,27,40,27,41,89,30,39,51,41,36,37,25,81,30,42,56,42,42,27,61,72,41,58,98,43,77,69,46,57,72,49,63,43,40,20,54,43,57,76,21,40,61,53,57,42,64,63,47,20,79,79,21,35,31,33,33,55,100,50,21,47.666666666666664,19.304053062672217,7
79,WWE ON FOX,51,51,0,0,100,0,0,51,51,0,50,0,50,0,0,0,63,0,0,51,54,0,0,0,0,52,52,0,0,0,0,0,51,50,54,55,0,0,0,50,0,0,0,55,0,0,0,0,0,0,53,0,0,51,0,0,0,53,0,0,0,0,52,0,0,54,19.0,26.65094233367232,2
80,Jeremy Jahns,28,64,18,45,36,18,19,19,28,19,18,64,82,66,47,50,0,46,47,19,39,58,39,39,48,75,57,28,50,100,89,78,37,46,29,60,87,39,29,37,75,59,20,30,19,77,28,37,19,20,48,0,48,37,37,79,40,19,96,67,37,37,29,20,49,59,43.68181818181818,22.703730230761302,7
81,Associated Press,0,0,47,0,0,0,0,0,0,0,0,0,0,49,0,0,0,0,0,47,0,0,0,0,0,0,0,47,0,0,50,49,0,0,50,51,0,0,0,0,0,0,0,0,0,0,0,0,100,50,0,51,0,0,47,0,0,0,49,0,47,0,0,50,0,50,12.636363636363637,23.163212973629282,11
82,JRE Clips,48,81,80,90,99,68,63,93,88,78,100,80,63,66,72,76,73,73,51,40,42,53,73,59,63,66,60,65,79,85,60,59,81,39,72,81,74,77,59,42,60,45,58,42,69,55,48,34,35,45,58,60,53,31,53,51,58,68,85,32,39,31,55,57,45,54,62.0,16.94912172570388,5
83,Mrwhosetheboss,77,91,31,60,61,30,63,31,31,48,30,61,71,47,63,33,38,58,31,31,44,32,43,33,32,31,63,31,66,44,33,32,46,31,33,50,81,54,44,61,42,50,34,49,53,48,94,62,49,66,48,100,49,46,31,67,50,32,43,63,62,0,53,33,55,98,49.196969696969695,18.617537916974705,5
84,BANGTANTV,12,11,14,11,9,9,6,21,14,9,100,22,17,25,10,18,14,15,12,5,14,13,18,14,6,5,9,8,13,3,10,3,9,9,6,7,10,13,8,8,10,16,8,10,7,13,10,9,8,15,16,21,26,19,7,19,12,9,12,12,10,6,7,10,11,10,12.924242424242424,11.85686172140944,1
85,SMTOWN,0,45,45,66,44,0,46,46,46,47,68,0,0,46,70,100,0,0,46,46,73,47,48,0,48,0,93,47,100,49,49,0,45,0,48,0,48,49,0,45,0,0,50,73,0,0,93,46,47,48,48,49,0,46,0,49,99,0,48,0,46,90,71,49,0,0,37.90909090909091,30.371301881240335,6
86,Rick Beato,31,54,76,30,38,52,23,47,47,39,69,45,61,71,16,25,76,48,47,16,33,40,40,56,56,31,32,16,84,33,17,16,15,31,16,41,81,73,90,15,47,33,83,33,32,40,23,23,16,33,48,33,32,46,46,33,100,81,64,56,85,53,40,33,66,25,44.40909090909091,21.443355453681864,7
87,Miniminter,41,60,100,74,80,74,77,46,62,36,50,55,55,72,52,71,69,57,36,72,48,32,84,32,73,46,52,51,33,49,54,43,35,55,38,65,37,59,43,46,62,32,82,32,26,52,51,36,32,54,42,49,21,46,45,38,55,69,42,63,46,55,94,54,81,70,53.68181818181818,16.80382269902523,6
88,Kevin James,13,33,19,38,39,32,26,26,26,13,53,39,65,27,34,28,49,49,46,46,21,41,20,20,27,67,40,53,28,28,42,35,65,39,55,14,28,35,70,72,33,28,100,84,34,61,20,73,28,35,27,42,48,33,20,92,71,21,34,41,53,45,27,28,98,49,41.303030303030305,20.07634647506763,6
89,Strictly Dumpling,65,35,54,58,39,39,45,30,55,51,74,34,39,35,30,65,31,68,15,70,63,62,26,52,51,45,46,90,75,54,48,26,29,59,63,48,68,58,84,50,25,53,64,68,31,87,45,55,47,74,26,53,42,55,30,43,80,62,77,26,75,44,46,32,42,100,51.68181818181818,18.132641829709147,5
90,El Cherry Scom,81,81,0,0,0,0,0,0,82,0,0,0,80,82,0,0,100,0,82,0,86,0,0,0,83,83,0,0,0,0,0,0,81,0,0,0,0,0,0,0,82,0,0,0,0,0,0,0,0,0,0,87,0,0,81,0,0,0,0,0,0,0,0,0,86,87,20.363636363636363,36.07216519601194,16
91,Sammy Hagar,16,19,15,18,31,33,17,25,19,9,17,16,19,10,19,21,31,39,21,15,27,15,11,20,15,34,13,23,11,27,16,29,27,19,30,9,29,15,29,19,11,14,32,25,11,28,15,13,11,16,10,11,18,17,21,20,43,97,72,100,71,52,41,27,51,42,25.71212121212121,18.26303200250992,4
92,airrack,0,39,19,38,29,0,30,19,19,20,58,0,19,39,20,0,36,0,20,0,31,0,47,51,40,20,40,33,0,77,42,61,26,38,31,69,68,61,27,32,59,62,28,62,100,40,39,39,21,41,40,28,34,39,48,52,21,54,30,40,19,38,47,31,41,62,35.06060606060606,20.359554966171764,4
93,BSOLZ,38,0,0,0,0,0,0,38,0,77,37,36,0,0,0,41,0,0,38,38,0,38,39,40,0,0,0,38,0,40,80,79,37,37,40,41,80,59,40,38,0,0,0,0,0,0,38,0,40,0,39,40,40,0,37,40,0,0,39,0,0,37,39,100,40,60,25.12121212121212,25.8019937869004,5
94,David Dobrik Too,53,18,18,35,17,18,18,30,36,24,18,18,26,27,24,26,33,22,18,18,0,0,19,28,25,18,18,18,19,19,19,28,18,18,0,29,19,0,19,18,0,0,0,19,0,0,18,0,0,19,19,19,100,54,30,19,29,31,31,28,18,18,0,19,19,0,19.984848484848484,15.35587186501043,3
95,Drew Gooden,48,63,29,56,76,42,54,44,49,30,58,91,100,79,89,31,60,72,73,68,92,66,65,56,50,39,30,49,52,47,67,51,62,58,77,52,67,77,87,44,54,36,31,56,55,35,68,59,46,46,40,42,71,58,43,31,47,35,71,60,44,53,70,72,31,51,56.13636363636363,16.820700057168345,5
96,P2istheName,33,18,29,88,100,49,51,44,40,52,29,14,14,22,41,39,36,36,22,15,15,34,49,61,30,15,15,22,31,47,39,15,14,14,38,27,23,27,23,11,7,15,23,27,56,15,11,15,8,46,23,16,30,7,25,12,39,27,45,23,11,25,34,46,23,27,29.666666666666668,17.4515201502779,4
97,Thomas Sanders,40,48,62,50,73,47,60,75,49,20,37,39,48,38,61,40,21,25,52,55,39,24,41,45,18,46,58,46,31,31,37,30,56,48,42,40,51,36,45,40,41,40,37,27,32,59,51,57,60,39,62,43,24,49,25,46,28,54,33,35,100,96,74,52,18,51,45.10606060606061,16.108654541824468,5
98,IGN,34,30,35,33,35,47,44,29,37,44,37,70,72,43,63,56,70,69,53,38,58,48,60,59,49,35,34,36,51,71,63,47,43,34,53,60,100,79,60,32,32,59,54,28,51,50,41,28,49,40,47,68,57,42,37,45,48,40,56,31,50,34,52,36,46,57,48.31818181818182,14.077877649647949,6
99,ITZY,21,14,16,14,16,20,100,78,64,54,53,35,35,37,33,26,34,27,30,29,21,24,21,27,21,25,20,29,23,24,21,26,22,18,20,28,22,22,16,20,25,21,18,14,18,18,17,21,18,18,19,18,19,16,18,13,19,14,13,12,14,15,13,14,13,9,24.439393939393938,15.11784896102776,5
100,Lil Poppa,32,28,35,35,36,32,33,29,36,40,32,34,35,30,29,36,36,38,33,32,36,22,36,27,36,32,38,36,35,26,30,28,23,29,29,33,27,32,60,54,38,40,37,35,30,39,40,30,31,35,37,40,47,34,35,35,39,35,45,100,78,63,63,67,59,68,38.484848484848484,13.417810895204456,8
101,WKMG News 6 ClickOrlando,0,0,0,0,0,0,0,0,0,0,0,0,0,0,0,0,0,0,0,0,0,0,0,100,0,0,0,0,0,0,0,0,0,0,0,0,0,0,0,0,0,0,0,0,0,0,0,0,0,0,0,0,0,0,0,0,0,0,0,0,0,0,0,0,0,0,1.5151515151515151,12.21554204287659,1
102,TWICE,83,76,78,89,73,76,73,72,78,64,100,76,73,60,60,60,61,60,75,68,62,71,57,84,70,73,62,60,61,61,59,64,71,55,56,71,53,56,66,76,67,57,63,53,56,61,56,55,74,54,58,61,71,60,53,51,50,60,62,75,49,47,52,77,72,67,65.21212121212122,10.312562435462276,4
103,ARIRANG NEWS,92,0,91,0,91,0,0,0,0,0,0,0,91,94,0,0,0,0,0,93,0,0,0,0,0,0,0,0,0,0,0,0,0,0,0,100,0,97,0,92,94,99,0,0,0,96,0,93,98,0,96,99,0,93,93,0,0,0,0,0,93,91,0,99,0,0,30.075757575757574,44.05860787015838,6
104,sdbl,0,0,0,0,0,0,0,0,0,0,0,0,0,0,0,0,0,0,0,0,0,0,0,0,0,0,0,0,0,0,0,0,0,0,0,99,0,0,0,0,0,0,100,0,0,0,0,0,0,0,0,0,0,0,0,0,0,0,0,0,0,0,0,0,0,0,3.015151515151515,17.056494741177946,2
105,Jason Nash,48,34,30,36,40,27,28,44,33,40,39,28,23,42,42,45,27,40,31,35,30,45,32,50,36,31,29,42,33,28,16,25,26,21,37,37,14,30,46,39,51,30,23,28,36,40,26,35,23,28,52,40,34,100,97,72,54,50,34,27,35,26,36,21,41,39,36.92424242424242,14.607294365093873,3
106,MrBeast Shorts,17,0,0,16,0,16,17,0,0,0,0,16,17,0,0,0,0,21,17,0,18,18,0,0,17,0,17,17,0,18,18,0,17,100,60,55,83,36,72,56,46,48,45,30,35,44,42,17,30,42,35,36,29,34,17,27,37,26,26,17,25,25,17,0,18,0,22.53030303030303,21.347215911703803,6
107,Vox,65,67,67,63,64,100,71,56,73,67,69,64,66,59,60,76,69,49,56,63,54,78,73,56,60,59,64,52,75,58,57,64,65,69,54,75,64,74,74,33,50,52,53,60,87,36,44,54,91,65,36,78,42,40,63,58,53,56,51,60,47,41,62,62,82,89,62.03030303030303,13.069707859953729,5
108,Tee Grizzley,76,75,62,69,75,82,57,83,89,100,84,76,81,76,67,69,76,77,74,65,72,78,83,65,76,80,80,63,74,67,80,82,76,59,74,70,80,69,71,74,67,73,70,78,75,84,72,66,71,62,72,71,63,83,73,68,91,68,65,66,72,69,60,64,56,73,73.0,8.153824163228471,3
109,PBS Space Time,24,23,24,46,23,23,24,24,48,24,23,23,23,48,32,39,29,29,24,24,37,33,0,37,0,0,0,32,26,26,25,33,23,39,38,26,75,100,33,32,24,76,77,50,24,37,48,36,25,34,25,26,0,24,0,51,34,33,25,49,23,23,25,64,25,50,31.818181818181817,18.225780185245338,5
110,Austin Evans,50,50,50,49,27,38,62,51,39,63,83,71,44,57,63,36,34,42,68,51,71,58,76,59,46,80,51,79,60,78,84,29,39,33,36,60,41,100,59,45,28,72,42,77,43,58,45,51,29,66,52,72,53,51,56,30,81,53,52,69,45,50,40,84,54,71,55.09090909090909,16.29345218245779,6
111,Tessa Brooks,19,0,9,9,27,13,19,19,28,9,14,14,14,9,9,20,0,35,14,19,15,19,19,29,38,23,10,14,20,40,10,10,18,18,25,39,15,15,30,9,19,69,100,64,72,48,46,42,39,64,10,15,34,23,14,30,20,24,10,29,9,14,24,30,15,20,24.242424242424242,17.938498134882135,5
112,Saberspark,21,67,46,61,42,25,47,43,38,35,59,46,37,39,30,55,47,68,51,38,45,57,71,49,100,69,74,38,41,64,45,49,29,75,40,27,27,40,40,51,13,36,41,36,46,57,80,68,31,45,26,32,18,38,59,41,20,35,44,57,30,56,39,23,61,27,45.22727272727273,16.46280974448759,5
113,USA TODAY,53,0,44,26,39,78,81,54,27,45,79,26,35,45,82,48,0,33,27,67,28,56,37,37,54,68,45,67,38,67,100,47,71,40,38,72,28,42,28,35,81,86,58,43,55,41,26,54,0,86,83,29,56,62,62,43,58,37,65,27,71,40,27,57,57,57,49.21212121212121,21.202140509088366,5
114,Saturday Night Live,2,3,3,2,2,3,2,2,2,2,3,2,3,3,2,2,2,3,3,3,2,2,2,1,2,2,2,2,2,2,2,2,2,2,2,1,1,1,2,3,5,2,4,2,2,3,2,4,2,3,2,3,3,5,100,57,23,17,15,11,9,54,30,14,8,7,7.166666666666667,15.35892133733566,3
115,Zealous,0,1,0,0,0,0,0,0,0,0,0,0,0,0,0,0,0,0,0,0,0,0,0,0,0,27,100,34,18,11,7,6,5,5,5,4,4,4,4,4,3,2,1,2,1,1,1,2,1,2,1,1,1,1,1,1,1,1,1,1,0,1,1,1,0,1,4.075757575757576,13.210774535204905,3
116,charli d'amelio,63,43,53,57,52,45,52,56,49,25,53,36,50,49,70,80,84,57,54,52,67,56,64,66,65,44,72,37,58,100,42,49,63,55,46,42,41,56,82,56,57,52,40,49,58,66,39,66,26,47,43,52,41,59,78,65,42,51,58,47,58,74,58,44,36,36,54.28787878787879,13.590064498603997,5
117,House of Highlights,46,46,38,30,36,24,25,63,51,57,55,36,67,76,52,55,36,12,20,61,33,68,43,76,45,37,50,42,60,71,34,48,51,74,33,21,69,23,31,43,30,47,21,36,30,50,34,46,56,19,18,39,13,51,18,29,19,25,20,20,48,24,100,16,16,15,40.57575757575758,18.711575258873935,6
118,TheReportOfTheWeek,46,0,0,0,46,45,47,46,0,48,0,0,0,0,71,50,0,0,0,47,0,0,0,0,94,0,0,0,50,49,49,0,46,45,49,0,0,0,49,0,0,49,100,0,0,48,47,0,0,0,48,0,0,46,46,0,0,49,0,0,0,0,0,0,0,0,19.848484848484848,26.845936673659462,3
119,sleightlymusical,0,0,0,0,0,0,0,0,0,0,0,0,0,0,0,0,0,0,0,0,37,0,0,36,36,0,0,0,0,0,0,0,0,0,0,0,0,37,0,0,35,0,0,0,0,0,0,35,0,37,0,0,0,0,35,62,100,73,36,36,35,0,72,75,56,74,13.742424242424242,24.716765630113454,7
120,Frog Leap Studios,25,0,25,24,0,37,25,25,26,51,0,50,25,26,77,27,31,46,25,25,26,51,26,26,26,25,64,25,55,27,27,26,62,0,0,0,26,0,27,37,0,54,27,27,26,52,25,38,26,53,0,53,79,0,100,27,81,0,0,26,0,25,39,27,27,27,29.772727272727273,21.7037878655662,5
121,Bad Bunny,20,20,23,22,25,25,21,21,19,21,22,27,25,19,20,20,21,23,25,28,23,22,23,22,22,27,25,26,20,19,20,22,26,24,20,19,19,22,22,27,100,69,32,30,29,26,31,29,24,23,27,23,26,34,27,23,22,25,23,25,26,25,19,21,19,29,25.515151515151516,11.307335275724746,2
122,Davie504,48,65,100,29,24,64,42,60,54,43,59,29,41,43,49,58,59,52,36,72,38,63,62,44,43,48,24,30,19,58,13,57,59,47,51,64,32,32,38,96,67,45,77,51,55,80,78,54,63,44,81,58,63,54,53,84,52,100,62,37,72,30,31,89,38,57,53.333333333333336,18.831254913471955,5
123,Emirichu,29,22,36,32,11,29,30,33,41,15,36,25,32,22,28,36,27,36,92,100,66,80,88,88,60,78,71,52,79,47,39,41,55,44,35,39,54,23,39,40,41,31,60,31,30,30,29,26,31,39,23,28,46,55,55,63,24,31,42,34,44,36,42,47,35,35,42.696969696969695,19.203826715377154,7
124,Mariah Carey,49,68,61,78,81,58,78,56,85,83,87,90,66,69,76,69,87,82,80,81,93,97,82,61,77,71,81,73,73,68,77,66,99,73,59,77,79,80,83,80,68,64,68,77,81,84,97,85,100,81,89,81,88,92,81,80,97,83,71,80,73,78,73,63,64,72,77.31818181818181,10.764924933106919,5
125,Bleacher Report,23,0,23,30,34,45,39,0,0,48,46,46,68,23,24,42,57,43,35,23,0,36,24,25,40,55,71,47,100,25,25,49,38,35,41,25,25,37,25,46,47,25,50,37,24,24,23,35,37,82,24,75,25,23,46,0,25,65,24,24,35,23,24,25,37,25,34.878787878787875,18.711133577174937,6
126,Scotty Sire,83,24,43,52,43,47,44,24,49,67,34,76,67,45,50,21,27,18,0,30,39,51,51,66,50,45,40,39,53,37,42,56,58,39,52,68,54,51,36,58,20,42,74,47,55,38,53,29,62,68,46,42,36,29,87,84,100,61,51,50,29,24,50,89,47,47,48.31818181818182,18.290715554130013,6
127,Stephen Sharer,91,86,82,82,66,77,100,64,73,75,77,89,74,79,90,65,52,37,62,68,57,56,73,58,76,72,64,75,80,66,57,82,70,77,71,70,75,64,66,80,74,63,72,65,76,49,76,69,67,65,60,66,64,80,83,76,62,67,70,74,66,82,58,65,63,68,70.57575757575758,10.485286380766384,4
128,James Charles,42,52,36,38,38,37,39,51,55,47,74,100,65,52,53,56,42,49,46,40,38,55,61,41,44,46,35,34,37,43,34,33,35,32,29,38,36,40,38,32,33,32,41,43,35,37,40,30,32,34,30,28,32,34,34,26,38,41,34,43,43,40,44,50,43,37,41.621212121212125,11.537508201533775,4
129,minutephysics,0,63,0,61,62,0,64,0,64,65,64,0,62,65,64,0,79,0,0,0,67,0,66,67,0,0,65,0,0,68,68,0,0,0,67,0,0,100,67,0,0,0,0,68,65,0,0,0,0,0,0,0,0,64,0,0,0,67,0,65,0,63,0,0,0,67,27.37878787878788,33.230492181909895,2
130,MM7Games,20,39,39,19,39,19,100,20,66,81,26,58,39,50,60,50,36,37,33,27,42,21,61,42,31,40,30,47,28,35,49,31,33,33,28,35,28,42,31,20,40,42,32,21,0,31,26,30,42,42,21,28,28,20,26,21,32,21,41,51,30,49,20,32,53,42,36.15151515151515,15.413731013772168,5
131,Overwatch League,19,0,23,26,45,60,31,42,46,8,42,49,41,31,31,17,38,19,15,15,20,8,24,60,71,89,55,27,37,41,16,57,53,72,20,25,24,0,8,19,16,24,12,0,20,28,27,19,20,16,24,17,20,46,27,25,58,8,60,68,100,27,12,12,20,8,30.87878787878788,21.027049787670794,5
132,NPR Music,0,0,47,46,0,46,0,0,0,0,0,0,46,0,0,51,0,0,0,0,0,97,0,0,0,0,48,0,0,51,0,100,0,0,0,51,0,50,0,47,48,51,0,50,0,49,0,47,0,0,49,0,0,0,0,0,0,0,0,48,0,0,98,0,0,0,16.96969696969697,27.551587809367057,3
133,Safiya Nygaard,23,29,28,24,24,32,44,39,27,27,23,27,24,22,19,24,26,25,19,36,20,23,11,24,19,49,100,49,45,42,20,39,28,31,31,18,29,16,23,23,36,17,30,28,6,27,25,30,26,23,18,20,21,25,28,25,25,67,53,43,34,49,30,26,33,30,29.651515151515152,13.467685707291231,3
134,Greg Doucette,51,34,25,29,13,70,39,55,30,39,25,59,29,22,48,51,42,42,55,47,31,45,62,22,35,30,30,60,54,23,100,31,38,17,45,45,36,49,58,42,34,54,32,31,44,44,21,17,22,45,44,82,31,26,34,59,37,35,22,35,42,25,53,50,54,76,41.015151515151516,16.08546532351529,4
135,YoungBoy Never Broke Again,27,20,45,34,32,22,27,22,25,29,36,24,24,24,29,40,32,26,33,24,22,25,39,33,32,29,26,28,26,26,29,100,68,46,35,36,34,32,35,35,34,29,31,26,30,36,33,29,23,27,27,27,25,29,24,19,22,23,29,28,29,23,26,22,22,21,30.37878787878788,11.360171188844518,2
136,Extra Krispy,0,0,94,61,31,31,32,32,43,65,31,31,0,0,32,34,39,0,32,48,33,33,33,0,0,53,32,0,51,68,34,0,0,0,33,51,100,33,33,31,64,34,34,67,43,0,31,64,0,0,33,34,0,32,31,34,34,33,33,0,63,31,82,34,34,0,31.803030303030305,23.867195501782227,4
137,audiomack,0,0,45,89,0,67,0,0,47,0,0,0,0,0,0,0,0,0,0,0,49,0,48,48,48,0,95,47,75,0,0,0,0,0,0,0,49,49,49,46,47,0,100,0,71,95,46,0,49,99,48,0,48,46,92,0,50,49,0,96,46,46,0,49,49,0,29.954545454545453,32.99376975998963,7
138,Fox Sports Radio,33,0,0,0,0,0,34,34,0,34,0,33,33,0,34,73,41,0,0,0,35,35,35,0,69,0,0,0,36,73,36,35,33,0,0,36,35,35,0,100,34,0,0,36,0,35,0,34,53,0,0,36,0,0,0,0,36,70,35,52,33,0,34,36,35,35,23.272727272727273,23.556859294793753,5
139,Mehditation,0,0,0,0,0,80,0,0,0,0,0,0,0,0,0,0,0,100,0,82,0,0,0,0,0,0,0,0,0,0,0,0,0,0,0,0,0,0,0,0,0,0,0,0,0,0,0,82,0,0,0,0,0,0,0,0,0,0,0,0,0,0,0,0,0,0,5.212121212121212,20.61737657202245,4
140,DW News,62,46,91,0,91,30,78,77,62,63,31,31,30,31,47,34,38,76,31,31,0,0,32,32,63,62,31,31,33,100,33,0,61,46,98,83,32,97,0,92,63,33,34,66,96,0,63,47,32,33,32,50,64,77,62,33,50,49,32,63,46,76,63,33,66,33,48.515151515151516,25.88684141239283,7
141,britneyandbaby,11,21,0,15,0,16,16,11,0,16,0,10,16,16,0,0,13,13,11,22,23,22,0,23,0,11,0,0,23,12,23,11,16,100,96,17,34,45,17,21,22,11,12,23,17,17,11,11,11,0,22,11,11,16,21,11,34,11,11,27,11,11,11,0,17,11,16.242424242424242,17.0294402887262,3
142,Cam&Fam,16,0,15,0,15,0,16,0,16,16,16,31,26,48,53,86,29,58,100,63,50,16,0,44,40,40,32,0,43,17,17,17,0,15,33,0,25,49,17,0,0,17,17,34,0,16,0,16,17,17,0,17,16,16,16,25,0,16,41,16,16,15,16,17,17,17,22.03030303030303,20.068798107607993,5
143,The Boys,58,89,68,56,68,62,57,71,69,63,49,62,52,58,54,57,58,55,69,65,65,55,63,58,66,87,71,74,80,64,64,75,73,71,66,70,57,58,68,70,70,58,58,57,57,77,86,74,67,68,64,81,88,87,76,76,68,67,71,100,96,91,83,82,65,72,68.6969696969697,11.115058986429583,8
144,TerminalMontage,59,30,47,55,28,30,33,43,29,39,44,53,77,60,58,59,61,35,45,43,40,47,37,40,53,38,36,31,36,31,35,22,47,19,33,38,37,37,25,28,29,43,28,30,49,100,82,88,52,73,42,30,47,54,42,41,61,37,25,44,45,31,41,45,38,38,43.53030303030303,15.433355943078238,5
145,Not Alpharad,64,0,63,0,0,0,0,0,0,0,0,0,0,65,0,0,0,0,0,0,0,0,0,0,0,0,65,0,0,0,0,67,0,63,0,0,0,0,0,0,65,0,0,0,66,0,63,0,68,0,66,68,100,64,64,68,0,66,66,0,0,0,0,0,0,68,19.37878787878788,30.77127997432078,10
146,Verge Science,0,94,92,0,0,0,0,0,0,0,0,0,0,0,0,0,0,0,0,0,0,0,0,0,0,0,0,0,0,0,100,0,0,0,0,0,0,0,0,0,0,0,0,0,0,0,0,0,0,100,0,0,0,0,0,0,0,0,0,0,94,0,0,0,0,100,8.787878787878787,27.8086073177893,6
147,Gamers Nexus,12,12,29,17,29,17,24,30,36,12,59,0,23,18,24,13,29,22,60,12,12,56,31,19,24,24,36,36,38,32,57,37,59,29,69,32,100,50,63,47,60,63,51,56,36,31,77,48,25,25,31,64,12,30,18,25,38,12,49,43,30,35,24,32,25,88,35.71212121212121,19.726743231733973,4
148,The Sims,65,91,72,63,67,52,66,73,62,74,79,90,52,78,82,54,70,61,65,73,64,67,84,40,47,62,74,73,66,66,57,100,76,68,57,62,72,72,44,57,89,45,74,53,83,51,91,92,36,57,95,86,48,46,84,70,33,72,91,70,65,64,74,37,57,49,66.8030303030303,15.300247271689413,7
149,YNW BSlime,57,47,60,33,70,46,45,47,51,48,73,93,50,45,52,59,37,54,85,68,46,49,64,85,31,75,45,62,44,37,14,28,50,57,47,26,53,32,100,94,38,18,26,58,52,60,61,37,57,50,42,40,42,58,44,51,33,85,53,49,81,60,56,61,65,50,52.81818181818182,17.4633027273984,7
150,Jeep,67,78,85,64,69,67,64,62,68,62,60,63,77,60,62,60,68,56,66,65,58,69,60,100,64,70,70,74,75,67,57,58,72,60,67,66,71,65,73,68,70,74,65,62,72,43,66,76,56,82,69,66,65,63,63,60,68,70,76,70,56,65,67,62,58,75,66.75757575757575,7.983051376169629,3
151,FaZe Clan,85,77,66,77,57,57,88,75,61,89,45,42,36,50,50,54,46,46,43,84,90,79,70,59,64,92,49,62,50,55,49,45,30,26,47,61,45,46,64,53,56,42,75,47,73,46,49,32,63,53,66,51,50,57,48,51,69,100,68,75,78,49,67,57,56,58,59.09090909090909,15.757371793551753,7
152,SuperM,8,11,8,97,27,29,19,22,22,26,25,24,9,10,12,9,20,7,22,15,26,99,61,34,34,33,26,18,23,19,19,19,19,23,14,20,21,26,20,18,18,10,22,33,31,100,66,45,47,51,39,38,27,44,42,32,31,27,23,25,27,20,20,28,14,22,28.424242424242426,19.31247093245678,5
153,TheDooo,59,50,50,73,58,57,94,59,43,95,92,25,75,52,52,64,83,63,34,26,44,27,44,35,69,34,43,51,45,91,72,53,100,33,36,27,89,36,45,17,51,54,55,54,70,35,76,76,71,63,61,64,53,51,50,36,82,26,18,52,34,67,79,45,36,54,54.666666666666664,19.901525244832545,6
154,GioFilms,54,43,21,21,74,84,55,33,55,55,43,32,42,66,66,70,40,27,22,43,46,0,67,56,45,44,22,76,46,70,35,46,32,42,34,23,23,23,57,54,44,46,70,34,100,33,32,22,45,46,56,23,57,65,32,35,47,23,45,34,32,75,33,23,46,68,44.74242424242424,18.383383971517887,5
155,ET Canada,47,47,47,46,0,0,48,48,0,0,0,0,46,0,0,0,58,0,0,48,50,0,0,50,48,0,48,47,50,0,0,0,0,46,50,0,0,49,50,0,0,51,0,51,49,49,0,0,0,100,0,51,49,47,0,0,51,50,0,49,0,0,49,50,50,75,26.424242424242426,26.579817249788224,2
156,Bobby Duke Arts,28,28,46,18,55,28,38,19,19,19,28,19,37,19,19,20,35,35,19,28,40,19,20,20,0,19,29,57,61,0,20,20,37,18,20,40,20,20,30,19,19,40,30,20,0,39,19,38,20,20,39,20,98,28,28,0,71,30,29,39,37,0,29,20,100,0,28.46969696969697,18.651687466894735,5
157,Wisin,60,91,41,54,96,100,55,61,78,60,68,63,96,72,49,59,62,64,94,55,46,69,54,61,75,61,70,74,79,41,56,66,52,68,71,72,79,83,73,93,70,67,41,78,62,65,96,86,50,71,76,65,57,61,65,69,52,46,74,56,77,93,43,73,78,78,67.72727272727273,14.59508578000211,8
158,Marshmello,87,79,78,77,89,85,68,70,60,70,93,69,76,72,78,88,61,74,71,77,66,90,76,79,86,94,86,76,80,84,90,100,70,70,62,70,86,83,82,81,72,65,82,65,84,68,78,77,83,67,59,77,88,72,92,77,86,86,62,72,82,80,77,73,71,81,77.4090909090909,9.033569167323979,4
159,Justin Bieber,41,41,44,40,40,41,38,40,33,34,40,42,39,37,34,36,38,40,39,40,33,34,36,35,53,61,50,47,46,45,40,39,43,38,34,37,36,36,100,85,65,53,55,54,53,53,52,45,44,45,40,41,44,47,42,39,42,44,37,38,44,43,40,40,40,43,43.75757575757576,10.8781969958548,4
160,Jaclyn Hill,22,22,15,21,18,18,22,33,22,26,22,18,22,11,15,28,41,37,22,37,59,39,27,31,11,23,19,15,16,24,8,19,29,11,8,24,16,16,39,18,23,8,32,23,27,53,100,63,59,31,19,12,35,15,22,28,20,23,8,12,15,15,15,20,12,23,24.803030303030305,15.11794007229109,5
161,NASA,24,47,32,42,25,28,22,42,29,26,22,21,39,35,41,31,34,41,29,24,42,27,39,26,39,27,26,38,19,31,21,31,21,29,31,35,29,34,19,36,31,41,35,40,32,26,31,29,29,29,28,37,74,100,38,25,37,30,26,21,29,27,26,37,33,27,32.60606060606061,11.819191876028897,2
162,Ozuna,39,40,42,45,57,41,51,44,44,47,47,56,51,36,43,40,42,49,49,50,38,49,56,69,100,97,88,69,65,62,59,61,71,64,65,64,59,56,67,72,63,55,51,61,59,67,65,64,52,51,58,57,48,55,56,55,50,41,46,49,56,50,42,46,47,47,55.07575757575758,12.553293188666647,3
163,Hulu,78,63,82,45,23,64,73,67,70,53,46,85,57,59,53,100,67,68,52,61,52,63,63,66,38,56,62,64,81,84,80,66,66,60,73,90,73,24,55,60,50,46,78,92,56,80,54,58,91,61,72,65,48,55,75,87,47,42,57,65,60,71,50,55,55,61,63.22727272727273,14.875030384023416,5
164,Dynasty,100,74,87,85,78,75,94,78,83,82,92,76,83,92,89,73,75,72,74,59,85,76,84,74,72,69,80,96,86,77,74,86,84,70,79,85,79,83,92,89,89,83,63,91,92,94,73,77,67,80,80,87,72,69,66,82,71,88,72,74,80,75,74,77,86,71,79.9090909090909,8.457966072445823,4
165,Super Smash Bros.,0,0,26,26,52,0,27,27,0,27,26,53,26,54,0,29,0,66,27,27,0,28,0,28,41,27,27,27,43,0,0,0,0,26,28,0,55,28,28,0,27,29,29,28,28,27,27,27,0,0,0,100,28,27,26,0,0,28,28,0,27,26,28,0,0,0,21.5,19.429944088255304,6
166,Daz Games,76,86,73,87,70,57,87,74,89,80,97,73,92,67,80,90,56,75,62,71,78,71,66,67,70,75,78,69,52,57,70,77,61,65,92,77,78,66,63,68,75,53,54,76,97,67,71,67,69,68,77,71,76,94,66,88,96,77,100,66,76,88,86,91,85,72,74.96969696969697,11.477210220851894,5
167,cark,0,0,0,0,26,0,27,0,27,28,53,26,26,0,28,29,33,100,27,41,28,0,70,56,28,27,41,0,58,58,29,28,27,27,0,0,28,28,0,0,82,0,0,0,28,28,0,27,28,28,28,0,28,0,27,58,0,0,28,0,0,0,0,0,0,29,21.560606060606062,22.289506151576695,7
